Time;[s],;Analyzer;Name,;Decoded;Protocol;Result;;;;;;;
1.215955166666667,SPI,MOSI:;0b;;10;;1010;;;MISO:;0b;;1111;;1111
1.215970666666667,SPI,MOSI:;0b;;0;;0;;;MISO:;0b;;1111;;1111
1.215972583333333,SPI,MOSI:;0b;;0;;0;;;MISO:;0b;;1111;;1111
1.215988083333333,SPI,MOSI:;0b;;0;;0;;;MISO:;0b;;1111;;1111
1.215990041666667,SPI,MOSI:;0b;;0;;0;;;MISO:;0b;;1111;;1111
1.216005708333333,SPI,MOSI:;0b;;0;;0;;;MISO:;0b;;1111;;1111
1.216007666666667,SPI,MOSI:;0b;;0;;1;;;MISO:;0b;;1111;;1111
1.216023208333333,SPI,MOSI:;0b;;0;;0;;;MISO:;0b;;1111;;1111
1.216025166666667,SPI,MOSI:;0b;;1101;;1111;;;MISO:;0b;;1111;;1111
1.216040541666667,SPI,MOSI:;0b;;10;;1011;;;MISO:;0b;;1111;;1111
1.216056041666667,SPI,MOSI:;0b;;0;;0;;;MISO:;0b;;1111;;1111
1.216057958333333,SPI,MOSI:;0b;;0;;0;;;MISO:;0b;;1111;;1111
1.216073458333333,SPI,MOSI:;0b;;0;;0;;;MISO:;0b;;1111;;1111
1.216075416666667,SPI,MOSI:;0b;;0;;0;;;MISO:;0b;;1111;;1111
1.216091083333333,SPI,MOSI:;0b;;0;;0;;;MISO:;0b;;1111;;1111
1.216093041666667,SPI,MOSI:;0b;;0;;1;;;MISO:;0b;;1111;;1111
1.216108583333333,SPI,MOSI:;0b;;0;;0;;;MISO:;0b;;1111;;1111
1.216110541666667,SPI,MOSI:;0b;;11;;1111;;;MISO:;0b;;1111;;1111
1.216125916666667,SPI,MOSI:;0b;;10;;1100;;;MISO:;0b;;1111;;1111
1.216142958333333,SPI,MOSI:;0b;;0;;0;;;MISO:;0b;;1111;;1111
1.216144916666667,SPI,MOSI:;0b;;1;;1111;;;MISO:;0b;;1111;;1111
1.216147541666667,SPI,MOSI:;0b;;0;;0;;;MISO:;0b;;1111;;1111
1.216149458333333,SPI,MOSI:;0b;;1;;1111;;;MISO:;0b;;1111;;1111
1.216152083333333,SPI,MOSI:;0b;;0;;0;;;MISO:;0b;;1111;;1111
1.216154041666667,SPI,MOSI:;0b;;1;;1111;;;MISO:;0b;;1111;;1111
1.216156666666667,SPI,MOSI:;0b;;0;;0;;;MISO:;0b;;1111;;1111
1.216158583333333,SPI,MOSI:;0b;;1;;1111;;;MISO:;0b;;1111;;1111
1.216161208333333,SPI,MOSI:;0b;;0;;0;;;MISO:;0b;;1111;;1111
1.216163166666667,SPI,MOSI:;0b;;1;;1111;;;MISO:;0b;;1111;;1111
1.216165791666667,SPI,MOSI:;0b;;0;;0;;;MISO:;0b;;1111;;1111
1.216167708333333,SPI,MOSI:;0b;;1;;1111;;;MISO:;0b;;1111;;1111
1.216170333333333,SPI,MOSI:;0b;;0;;0;;;MISO:;0b;;1111;;1111
1.216172291666667,SPI,MOSI:;0b;;1;;1111;;;MISO:;0b;;1111;;1111
1.216174916666667,SPI,MOSI:;0b;;0;;0;;;MISO:;0b;;1111;;1111
1.216176833333333,SPI,MOSI:;0b;;1;;1111;;;MISO:;0b;;1111;;1111
1.216179458333333,SPI,MOSI:;0b;;0;;0;;;MISO:;0b;;1111;;1111
1.216181416666667,SPI,MOSI:;0b;;1;;1111;;;MISO:;0b;;1111;;1111
1.216184041666667,SPI,MOSI:;0b;;0;;0;;;MISO:;0b;;1111;;1111
1.216185958333333,SPI,MOSI:;0b;;1;;1111;;;MISO:;0b;;1111;;1111
1.216188583333333,SPI,MOSI:;0b;;0;;0;;;MISO:;0b;;1111;;1111
1.216190541666667,SPI,MOSI:;0b;;1;;1111;;;MISO:;0b;;1111;;1111
1.216193166666667,SPI,MOSI:;0b;;0;;0;;;MISO:;0b;;1111;;1111
1.216195083333333,SPI,MOSI:;0b;;1;;1111;;;MISO:;0b;;1111;;1111
1.216197708333333,SPI,MOSI:;0b;;0;;0;;;MISO:;0b;;1111;;1111
1.216199666666667,SPI,MOSI:;0b;;1;;1111;;;MISO:;0b;;1111;;1111
1.216202291666667,SPI,MOSI:;0b;;0;;0;;;MISO:;0b;;1111;;1111
1.216204208333333,SPI,MOSI:;0b;;1;;1111;;;MISO:;0b;;1111;;1111
1.216206833333333,SPI,MOSI:;0b;;0;;0;;;MISO:;0b;;1111;;1111
1.216208791666667,SPI,MOSI:;0b;;1;;1111;;;MISO:;0b;;1111;;1111
1.216211416666667,SPI,MOSI:;0b;;0;;0;;;MISO:;0b;;1111;;1111
1.216213333333333,SPI,MOSI:;0b;;1;;1111;;;MISO:;0b;;1111;;1111
1.216215958333333,SPI,MOSI:;0b;;0;;0;;;MISO:;0b;;1111;;1111
1.216217916666667,SPI,MOSI:;0b;;1;;1111;;;MISO:;0b;;1111;;1111
1.216220541666667,SPI,MOSI:;0b;;0;;0;;;MISO:;0b;;1111;;1111
1.216222458333333,SPI,MOSI:;0b;;1;;1111;;;MISO:;0b;;1111;;1111
1.216225083333333,SPI,MOSI:;0b;;0;;0;;;MISO:;0b;;1111;;1111
1.216227041666667,SPI,MOSI:;0b;;1;;1111;;;MISO:;0b;;1111;;1111
1.216229666666667,SPI,MOSI:;0b;;0;;0;;;MISO:;0b;;1111;;1111
1.216231583333333,SPI,MOSI:;0b;;1;;1111;;;MISO:;0b;;1111;;1111
1.216234208333333,SPI,MOSI:;0b;;0;;0;;;MISO:;0b;;1111;;1111
1.216236166666667,SPI,MOSI:;0b;;1;;1111;;;MISO:;0b;;1111;;1111
1.216238791666667,SPI,MOSI:;0b;;0;;0;;;MISO:;0b;;1111;;1111
